{"0": 5.476463551931511, "1": 6.309918278226516, "2": 5.337538079701318, "3": 4.836281906951478, "4": 4.3694478524670215, "5": 4.709530201312334, "6": 4.5217885770490405, "7": 4.248495242049359, "8": 5.420534999272286, "9": 4.23410650459726, "a": 12.58275068686569, "b": 10.806287694227784, "c": 11.391650088183392, "d": 12.04882801771149, "e": 13.05694126601584, "f": 11.281220367994111, "g": 11.224749937456188, "h": 12.394889727317691, "i": 12.41280222157613, "j": 8.176110342237342, "k": 10.265244560881653, "l": 11.884475228204137, "m": 11.387294212470042, "n": 12.488748457545718, "o": 12.549811275000573, "p": 10.994756276448804, "q": 8.188966863648876, "r": 12.300878152554066, "s": 12.361185719250688, "t": 12.696172976475031, "u": 11.49790319354452, "v": 10.55323128448846, "w": 11.343547773732098, "x": 8.603187384583098, "y": 11.179283220142068, "z": 8.12415060330663, "A": 9.054154288786854, "B": 8.71948076085107, "C": 8.231908243564177, "D": 8.099554282376364, "E": 8.350666240520924, "F": 7.940939762327791, "G": 7.684324067681155, "H": 8.769196271411001, "I": 9.539284342176604, "J": 6.927557906278317, "K": 7.226209010100671, "L": 7.653020413804189, "M": 8.861350110795998, "N": 8.560635749259074, "O": 8.185071477532283, "P": 8.889308319842847, "Q": 4.2626798770413155, "R": 8.31238059678675, "S": 8.53168763756669, "T": 9.22197245620589, "U": 6.400257445308821, "V": 7.205635176410364, "W": 8.421122722665503, "X": 6.729824070489475, "Y": 7.6760099320288875, "Z": 4.718498871295094, "!": 8.67812085552252, "\"": 4.718498871295094, "#": 1.3862943611198906, "$": 1.791759469228055, "%": 1.0986122886681098, "&": -1, "'": 9.328478899993224, "(": 6.688354713946762, ")": 6.688354713946762, "*": 5.916202062607435, "+": -1, ",": 11.08933202714711, "-": 8.503702601233739, ".": 10.7268512626277, "/": 4.382026634673881, ":": 7.51425465281641, ";": 8.579980179515003, "<": -1, "=": 0.6931471805599453, ">": -1, "?": 8.436416881388949, "@": 1.791759469228055, "[": 1.6094379124341003, "\\": -1, "]": 1.6094379124341003, "^": -1, "_": 7.052721049232323, "`": -1, "{": -1, "|": -1, "}": -1, "~": -1, " ": 13.655373495450176}