{"0": 5.476463551931511, "1": 6.309918278226516, "2": 5.337538079701318, "3": 4.836281906951478, "4": 4.3694478524670215, "5": 4.709530201312334, "6": 4.5217885770490405, "7": 4.248495242049359, "8": 5.420534999272286, "9": 4.23410650459726, "A": 12.611674410966966, "B": 10.923255026881002, "C": 11.433211036740431, "D": 12.06791341812096, "E": 13.065939047000368, "F": 11.316034284800084, "G": 11.253338340676699, "H": 12.42117192829976, "I": 12.467763606456623, "J": 8.428361977709622, "K": 10.312014634680112, "L": 11.89890189649453, "M": 11.464239295393172, "N": 12.508238075957392, "O": 12.562449044908913, "P": 11.109682885215161, "Q": 8.20849175174038, "R": 12.319236138622266, "S": 12.382673704766422, "T": 12.72668918150226, "U": 11.503995713149065, "V": 10.587795784428868, "W": 11.395953350428424, "X": 8.746080217357513, "Y": 11.208937843310503, "Z": 8.156797046675651, "!": 8.67812085552252, "\"": 4.718498871295094, "#": 1.3862943611198906, "$": 1.791759469228055, "%": 1.0986122886681098, "&": -1, "'": 9.328478899993224, "(": 6.688354713946762, ")": 6.688354713946762, "*": 5.916202062607435, "+": -1, ",": 11.08933202714711, "-": 8.503702601233739, ".": 10.7268512626277, "/": 4.382026634673881, ":": 7.51425465281641, ";": 8.579980179515003, "<": -1, "=": 0.6931471805599453, ">": -1, "?": 8.436416881388949, "@": 1.791759469228055, "[": 1.6094379124341003, "\\": -1, "]": 1.6094379124341003, "^": -1, "_": 7.052721049232323, "`": -1, "{": -1, "|": -1, "}": -1, "~": -1, " ": 13.655373495450176}